mapping_id,scope,tactic,technique_id,technique_name,subtechnique,evidence_classification,confidence,dynamic_status,evidence_reference,detection_reference,mitre_url,notes
SAMPLE-001,sample,Persistence | Privilege Escalation,T1543.003,Create or Modify System Process: Windows Service,yes,statically_and_dynamically_confirmed,high,"installed, started, automatic, LocalSystem",../results/dnspy/turla_neuron_dnspy_analysis.md | ../results/dynamic/turla_neuron_dynamic_analysis.md | ../screenshots/TurlaNeuron_26_Dynamic_Installer_Log_Service_Success.png | ../screenshots/TurlaNeuron_28_Dynamic_Service_Registry_Persistence.png,../detections/sigma/win_system_turla_neuron_service_install.yml | ../detections/yara/turla_neuron_v2.yar | ../detections/soar/README.md | ../detections/threat-hunting/README.md,https://attack.mitre.org/techniques/T1543/003/,The -install branch and Windows artifacts confirm service persistence.
SAMPLE-002,sample,Stealth,T1036.004,Masquerading: Masquerade Task or Service,yes,statically_and_dynamically_confirmed,high,Exchange-themed service identity observed,../results/dnspy/turla_neuron_dnspy_analysis.md | ../results/dynamic/turla_neuron_dynamic_analysis.md | ../screenshots/TurlaNeuron_28_Dynamic_Service_Registry_Persistence.png,../detections/yara/turla_neuron_v2.yar | ../detections/soar/README.md | ../detections/threat-hunting/README.md,https://attack.mitre.org/techniques/T1036/004/,Legitimate-looking Exchange service identity; the name alone is not sufficient.
SAMPLE-003,sample,Execution,T1059.003,Command and Scripting Interpreter: Windows Command Shell,yes,capability_only,high,not exercised through an attacker request,../results/dnspy/turla_neuron_dnspy_analysis.md | ../screenshots/TurlaNeuron_12_dnSpy_CommandScript_Type0_Command_Execution.png | ../screenshots/TurlaNeuron_13_dnSpy_CommandScript_Type0_Execution_and_Output_Capture.png,../detections/yara/turla_neuron_v2.yar | ../detections/threat-hunting/README.md,https://attack.mitre.org/techniques/T1059/003/,cmd.exe /c with redirected stdout/stderr exists in code; no attacker command ran.
SAMPLE-004,sample,Defense Impairment | Persistence,T1112,Modify Registry,no,statically_and_dynamically_confirmed,high,service/Event Log/ZoneMap activity observed; hidden configuration not observed,../results/dnspy/turla_neuron_dnspy_analysis.md | ../results/dynamic/turla_neuron_dynamic_analysis.md | ../results/noriben/turla_neuron_noriben_analysis.md | ../screenshots/TurlaNeuron_22_Dynamic_ZoneMap_Registry_Modifications.png | ../screenshots/TurlaNeuron_27_Dynamic_MSExchangeService_EventLog_Source.png | ../screenshots/TurlaNeuron_28_Dynamic_Service_Registry_Persistence.png,../detections/sigma/win_system_turla_neuron_service_install.yml | ../detections/soar/README.md | ../detections/threat-hunting/README.md,https://attack.mitre.org/techniques/T1112/,"Different Registry activities served persistence, event-source, ZoneMap, and configuration purposes."
SAMPLE-005,sample,Discovery,T1012,Query Registry,no,confirmed_statically,high,not confirmed dynamically,../results/dnspy/turla_neuron_dnspy_analysis.md | ../screenshots/TurlaNeuron_16_dnSpy_Config_Registry_Search_and_Decryption.png,../detections/threat-hunting/README.md,https://attack.mitre.org/techniques/T1012/,Recursive HKCU\SOFTWARE search and value reads are present in code.
SAMPLE-006,sample,Command and Control,T1071.001,Application Layer Protocol: Web Protocols,yes,statically_and_dynamically_confirmed,high,local listener observed; zero requests; no external session,../results/dnspy/turla_neuron_dnspy_analysis.md | ../results/network/turla_neuron_network_analysis.md | ../screenshots/TurlaNeuron_08_dnSpy_Service_OnStart_HTTPS_Listener.png | ../screenshots/TurlaNeuron_25_Dynamic_HTTPsys_EWS_Exchange_URL_Registration.png,../detections/yara/turla_neuron_v2.yar | ../detections/soar/README.md | ../detections/threat-hunting/README.md,https://attack.mitre.org/techniques/T1071/001/,"The wildcard HTTPS prefix is local listener configuration, not a remote C2 destination."
SAMPLE-007,sample,Command and Control,T1573.001,Encrypted Channel: Symmetric Cryptography,yes,confirmed_statically,high,no encrypted attacker session captured,../results/dnspy/turla_neuron_dnspy_analysis.md | ../screenshots/TurlaNeuron_19_dnSpy_RC4_EncryptScript_Implementation.png,../detections/yara/turla_neuron_v2.yar | ../detections/threat-hunting/README.md,https://attack.mitre.org/techniques/T1573/001/,RC4-style processing supports encrypted command and response data.
SAMPLE-008,sample,Command and Control,T1573.002,Encrypted Channel: Asymmetric Cryptography,yes,confirmed_statically,high,no RSA session captured,../results/dnspy/turla_neuron_dnspy_analysis.md | ../results/reverse-engineering/turla_neuron_reverse_engineering.md,../detections/yara/turla_neuron_v2.yar | ../detections/threat-hunting/README.md,https://attack.mitre.org/techniques/T1573/002/,"Embedded 1024-bit RSA public key, exponent 65537, OAEP; no private key recovered."
SAMPLE-009,sample,Command and Control,T1132.001,Data Encoding: Standard Encoding,yes,confirmed_statically,high,no encoded request observed on wire,../results/dnspy/turla_neuron_dnspy_analysis.md | ../results/network/turla_neuron_network_analysis.md,../detections/yara/turla_neuron_v2.yar | ../detections/threat-hunting/README.md,https://attack.mitre.org/techniques/T1132/001/,"Base64 request, response, and file-content processing is present."
SAMPLE-010,sample,Stealth,T1140,Deobfuscate/Decode Files or Information,no,confirmed_statically,high,no attacker payload received,../results/dnspy/turla_neuron_dnspy_analysis.md | ../results/reverse-engineering/turla_neuron_reverse_engineering.md,../detections/yara/turla_neuron_v2.yar | ../detections/threat-hunting/README.md,https://attack.mitre.org/techniques/T1140/,Base64 and RC4-style decoding transform protected input before processing.
SAMPLE-011,sample,Command and Control,T1105,Ingress Tool Transfer,no,capability_only,medium,not observed; no network file transfer,../results/dnspy/turla_neuron_dnspy_analysis.md | ../screenshots/TurlaNeuron_14_dnSpy_CommandScript_Types1_2_File_Transfer.png,../detections/yara/turla_neuron_v2.yar | ../detections/threat-hunting/README.md,https://attack.mitre.org/techniques/T1105/,"Remote protocol file read/write capability exists, but transfer was not exercised."
CAND-001,candidate,Collection,T1005,Data from Local System,no,candidate_mapping,medium,not exercised,../results/dnspy/turla_neuron_dnspy_analysis.md | ../screenshots/TurlaNeuron_14_dnSpy_CommandScript_Types1_2_File_Transfer.png,../detections/threat-hunting/README.md,https://attack.mitre.org/techniques/T1005/,"Type 2 reads local bytes, but collection intent and use are not established."
CAND-002,candidate,Collection,T1074.001,Data Staged: Local Data Staging,yes,candidate_mapping,low,directory observed empty; staging not observed,../results/dynamic/turla_neuron_dynamic_analysis.md | ../screenshots/TurlaNeuron_24_Dynamic_HostSpecific_SYSTEM_Storage_Directory.png,../detections/threat-hunting/README.md,https://attack.mitre.org/techniques/T1074/001/,"Host-specific storage exists, but no staged data was present."
GROUP-001,group,Stealth | Privilege Escalation,T1134.002,Create Process with Token,yes,group_level_context,high,not assessed for this sample,https://attack.mitre.org/groups/G0010/,,https://attack.mitre.org/techniques/T1134/002/,Official MITRE G0010 context. [Turla](https://attack.mitre.org/groups/G0010) RPC backdoors can impersonate or steal process tokens before executing commands.(Citation: ESET Turla PowerShell May 2019)
GROUP-002,group,Discovery,T1087.001,Local Account,yes,group_level_context,high,not assessed for this sample,https://attack.mitre.org/groups/G0010/,,https://attack.mitre.org/techniques/T1087/001/,Official MITRE G0010 context. [Turla](https://attack.mitre.org/groups/G0010) has used net user to enumerate local accounts on the system.(Citation: ESET ComRAT May 2020)(Citation: ESET Crutch December 2020)
GROUP-003,group,Discovery,T1087.002,Domain Account,yes,group_level_context,high,not assessed for this sample,https://attack.mitre.org/groups/G0010/,,https://attack.mitre.org/techniques/T1087/002/,Official MITRE G0010 context. [Turla](https://attack.mitre.org/groups/G0010) has used net user /domain to enumerate domain accounts.(Citation: ESET ComRAT May 2020)
GROUP-004,group,Resource Development,T1583.006,Web Services,yes,group_level_context,high,not assessed for this sample,https://attack.mitre.org/groups/G0010/,,https://attack.mitre.org/techniques/T1583/006/,Official MITRE G0010 context. [Turla](https://attack.mitre.org/groups/G0010) has created web accounts including Dropbox and GitHub for C2 and document exfiltration.(Citation: ESET Crutch December 2020)
GROUP-005,group,Command and Control,T1071.001,Web Protocols,yes,group_level_context,high,not assessed for this sample,https://attack.mitre.org/groups/G0010/,,https://attack.mitre.org/techniques/T1071/001/,Official MITRE G0010 context. [Turla](https://attack.mitre.org/groups/G0010) has used HTTP and HTTPS for C2 communications.(Citation: ESET Turla Mosquito Jan 2018)(Citation: ESET Turla Mosquito May 2018)
GROUP-006,group,Command and Control,T1071.003,Mail Protocols,yes,group_level_context,high,not assessed for this sample,https://attack.mitre.org/groups/G0010/,,https://attack.mitre.org/techniques/T1071/003/,Official MITRE G0010 context. [Turla](https://attack.mitre.org/groups/G0010) has used multiple backdoors which communicate with a C2 server via email attachments.(Citation: Crowdstrike GTR2020 Mar 2020)
GROUP-007,group,Collection,T1560.001,Archive via Utility,yes,group_level_context,high,not assessed for this sample,https://attack.mitre.org/groups/G0010/,,https://attack.mitre.org/techniques/T1560/001/,Official MITRE G0010 context. [Turla](https://attack.mitre.org/groups/G0010) has encrypted files stolen from connected USB drives into a RAR file before exfiltration.(Citation: Symantec Waterbug Jun 2019)
GROUP-008,group,Persistence | Privilege Escalation,T1547.001,Registry Run Keys / Startup Folder,yes,group_level_context,high,not assessed for this sample,https://attack.mitre.org/groups/G0010/,,https://attack.mitre.org/techniques/T1547/001/,"Official MITRE G0010 context. A [Turla](https://attack.mitre.org/groups/G0010) Javascript backdoor added a local_update_check value under the Registry key HKLM\SOFTWARE\Microsoft\Windows\CurrentVersion\Run to establish persistence. Additionally, a [Turla](https://attack.mitre.org/groups/G0010) custom executable containing Metasploit shellcode is saved to the Startup folder to gain persistence.(Citation: ESET Turla Mosquito Jan 2018)(Citation: ESET Turla Mosquito May 2018)(Citation: ESET Turla Lunar toolset May 2024)"
GROUP-009,group,Persistence | Privilege Escalation,T1547.004,Winlogon Helper DLL,yes,group_level_context,high,not assessed for this sample,https://attack.mitre.org/groups/G0010/,,https://attack.mitre.org/techniques/T1547/004/,Official MITRE G0010 context. [Turla](https://attack.mitre.org/groups/G0010) established persistence by adding a Shell value under the Registry key HKCU\Software\Microsoft\Windows NT\CurrentVersion\Winlogon.(Citation: ESET Turla Mosquito Jan 2018)
GROUP-010,group,Credential Access,T1110,Brute Force,no,group_level_context,high,not assessed for this sample,https://attack.mitre.org/groups/G0010/,,https://attack.mitre.org/techniques/T1110/,Official MITRE G0010 context. [Turla](https://attack.mitre.org/groups/G0010) may attempt to connect to systems within a victim's network using net use commands and a predefined list or collection of passwords.(Citation: Kaspersky Turla)
GROUP-011,group,Execution,T1059.001,PowerShell,yes,group_level_context,high,not assessed for this sample,https://attack.mitre.org/groups/G0010/,,https://attack.mitre.org/techniques/T1059/001/,"Official MITRE G0010 context. [Turla](https://attack.mitre.org/groups/G0010) has used PowerShell to execute commands/scripts, in some cases via a custom executable or code from [Empire](https://attack.mitre.org/software/S0363)'s PSInject.(Citation: ESET Turla Mosquito May 2018)(Citation: ESET Turla PowerShell May 2019)(Citation: Symantec Waterbug Jun 2019) [Turla](https://attack.mitre.org/groups/G0010) has also used PowerShell scripts to load and execute malware in memory."
GROUP-012,group,Execution,T1059.003,Windows Command Shell,yes,group_level_context,high,not assessed for this sample,https://attack.mitre.org/groups/G0010/,,https://attack.mitre.org/techniques/T1059/003/,Official MITRE G0010 context. [Turla](https://attack.mitre.org/groups/G0010) RPC backdoors have used cmd.exe to execute commands.(Citation: ESET Turla PowerShell May 2019)(Citation: Symantec Waterbug Jun 2019)
GROUP-013,group,Execution,T1059.005,Visual Basic,yes,group_level_context,high,not assessed for this sample,https://attack.mitre.org/groups/G0010/,,https://attack.mitre.org/techniques/T1059/005/,Official MITRE G0010 context. [Turla](https://attack.mitre.org/groups/G0010) has used VBS scripts throughout its operations.(Citation: Symantec Waterbug Jun 2019)
GROUP-014,group,Execution,T1059.006,Python,yes,group_level_context,high,not assessed for this sample,https://attack.mitre.org/groups/G0010/,,https://attack.mitre.org/techniques/T1059/006/,Official MITRE G0010 context. [Turla](https://attack.mitre.org/groups/G0010) has used IronPython scripts as part of the [IronNetInjector](https://attack.mitre.org/software/S0581) toolchain to drop payloads.(Citation: Unit 42 IronNetInjector February 2021 )
GROUP-015,group,Execution,T1059.007,JavaScript,yes,group_level_context,high,not assessed for this sample,https://attack.mitre.org/groups/G0010/,,https://attack.mitre.org/techniques/T1059/007/,Official MITRE G0010 context. [Turla](https://attack.mitre.org/groups/G0010) has used various JavaScript-based backdoors.(Citation: ESET Turla Mosquito Jan 2018)
GROUP-016,group,Resource Development,T1584.003,Virtual Private Server,yes,group_level_context,high,not assessed for this sample,https://attack.mitre.org/groups/G0010/,,https://attack.mitre.org/techniques/T1584/003/,Official MITRE G0010 context. [Turla](https://attack.mitre.org/groups/G0010) has used the VPS infrastructure of compromised Iranian threat actors.(Citation: NSA NCSC Turla OilRig)
GROUP-017,group,Resource Development,T1584.004,Server,yes,group_level_context,high,not assessed for this sample,https://attack.mitre.org/groups/G0010/,,https://attack.mitre.org/techniques/T1584/004/,Official MITRE G0010 context. [Turla](https://attack.mitre.org/groups/G0010) has used compromised servers as infrastructure.(Citation: Recorded Future Turla Infra 2020)(Citation: Accenture HyperStack October 2020)(Citation: Talos TinyTurla September 2021)
GROUP-018,group,Resource Development,T1584.006,Web Services,yes,group_level_context,high,not assessed for this sample,https://attack.mitre.org/groups/G0010/,,https://attack.mitre.org/techniques/T1584/006/,Official MITRE G0010 context. [Turla](https://attack.mitre.org/groups/G0010) has frequently used compromised WordPress sites for C2 infrastructure.(Citation: Recorded Future Turla Infra 2020)
GROUP-019,group,Credential Access,T1555.004,Windows Credential Manager,yes,group_level_context,high,not assessed for this sample,https://attack.mitre.org/groups/G0010/,,https://attack.mitre.org/techniques/T1555/004/,Official MITRE G0010 context. [Turla](https://attack.mitre.org/groups/G0010) has gathered credentials from the Windows Credential Manager tool.(Citation: Symantec Waterbug Jun 2019)
GROUP-020,group,Collection,T1213.006,Databases,yes,group_level_context,high,not assessed for this sample,https://attack.mitre.org/groups/G0010/,,https://attack.mitre.org/techniques/T1213/006/,Official MITRE G0010 context. [Turla](https://attack.mitre.org/groups/G0010) has used a custom .NET tool to collect documents from an organization's internal central database.(Citation: ESET ComRAT May 2020)
GROUP-021,group,Collection,T1005,Data from Local System,no,group_level_context,high,not assessed for this sample,https://attack.mitre.org/groups/G0010/,,https://attack.mitre.org/techniques/T1005/,Official MITRE G0010 context. [Turla](https://attack.mitre.org/groups/G0010) RPC backdoors can upload files from victim machines.(Citation: ESET Turla PowerShell May 2019)
GROUP-022,group,Collection,T1025,Data from Removable Media,no,group_level_context,high,not assessed for this sample,https://attack.mitre.org/groups/G0010/,,https://attack.mitre.org/techniques/T1025/,Official MITRE G0010 context. [Turla](https://attack.mitre.org/groups/G0010) RPC backdoors can collect files from USB thumb drives.(Citation: ESET Turla PowerShell May 2019)(Citation: Symantec Waterbug Jun 2019)
GROUP-023,group,Stealth,T1140,Deobfuscate/Decode Files or Information,no,group_level_context,high,not assessed for this sample,https://attack.mitre.org/groups/G0010/,,https://attack.mitre.org/techniques/T1140/,"Official MITRE G0010 context. [Turla](https://attack.mitre.org/groups/G0010) has used a custom decryption routine, which pulls key and salt values from other artifacts such as a WMI filter or [PowerShell Profile](https://attack.mitre.org/techniques/T1546/013), to decode encrypted PowerShell payloads.(Citation: ESET Turla PowerShell May 2019)"
GROUP-024,group,Resource Development,T1587.001,Malware,yes,group_level_context,high,not assessed for this sample,https://attack.mitre.org/groups/G0010/,,https://attack.mitre.org/techniques/T1587/001/,Official MITRE G0010 context. [Turla](https://attack.mitre.org/groups/G0010) has developed its own unique malware for use in operations.(Citation: Recorded Future Turla Infra 2020)
GROUP-025,group,Defense Impairment,T1685,Disable or Modify Tools,no,group_level_context,high,not assessed for this sample,https://attack.mitre.org/groups/G0010/,,https://attack.mitre.org/techniques/T1685/,"Official MITRE G0010 context. [Turla](https://attack.mitre.org/groups/G0010) has used a AMSI bypass, which patches the in-memory amsi.dll, in PowerShell scripts to bypass Windows antimalware products.(Citation: ESET Turla PowerShell May 2019)"
GROUP-026,group,Initial Access,T1189,Drive-by Compromise,no,group_level_context,high,not assessed for this sample,https://attack.mitre.org/groups/G0010/,,https://attack.mitre.org/techniques/T1189/,Official MITRE G0010 context. [Turla](https://attack.mitre.org/groups/G0010) has infected victims using watering holes.(Citation: ESET ComRAT May 2020)(Citation: Secureworks IRON HUNTER Profile)
GROUP-027,group,Privilege Escalation | Persistence,T1546.003,Windows Management Instrumentation Event Subscription,yes,group_level_context,high,not assessed for this sample,https://attack.mitre.org/groups/G0010/,,https://attack.mitre.org/techniques/T1546/003/,Official MITRE G0010 context. [Turla](https://attack.mitre.org/groups/G0010) has used WMI event filters and consumers to establish persistence.(Citation: ESET Turla PowerShell May 2019)
GROUP-028,group,Privilege Escalation | Persistence,T1546.013,PowerShell Profile,yes,group_level_context,high,not assessed for this sample,https://attack.mitre.org/groups/G0010/,,https://attack.mitre.org/techniques/T1546/013/,Official MITRE G0010 context. [Turla](https://attack.mitre.org/groups/G0010) has used PowerShell profiles to maintain persistence on an infected machine.(Citation: ESET Turla PowerShell May 2019)
GROUP-029,group,Exfiltration,T1567.002,Exfiltration to Cloud Storage,yes,group_level_context,high,not assessed for this sample,https://attack.mitre.org/groups/G0010/,,https://attack.mitre.org/techniques/T1567/002/,Official MITRE G0010 context. [Turla](https://attack.mitre.org/groups/G0010) has used WebDAV to upload stolen USB files to a cloud drive.(Citation: Symantec Waterbug Jun 2019) [Turla](https://attack.mitre.org/groups/G0010) has also exfiltrated stolen files to OneDrive and 4shared.(Citation: ESET ComRAT May 2020)
GROUP-030,group,Privilege Escalation,T1068,Exploitation for Privilege Escalation,no,group_level_context,high,not assessed for this sample,https://attack.mitre.org/groups/G0010/,,https://attack.mitre.org/techniques/T1068/,Official MITRE G0010 context. [Turla](https://attack.mitre.org/groups/G0010) has exploited vulnerabilities in the VBoxDrv.sys driver to obtain kernel mode privileges.(Citation: Unit42 AcidBox June 2020)
GROUP-031,group,Discovery,T1083,File and Directory Discovery,no,group_level_context,high,not assessed for this sample,https://attack.mitre.org/groups/G0010/,,https://attack.mitre.org/techniques/T1083/,"Official MITRE G0010 context. [Turla](https://attack.mitre.org/groups/G0010) surveys a system upon check-in to discover files in specific locations on the hard disk %TEMP% directory, the current user's desktop, the Program Files directory, and Recent.(Citation: Kaspersky Turla)(Citation: ESET ComRAT May 2020) [Turla](https://attack.mitre.org/groups/G0010) RPC backdoors have also searched for files matching the lPH*.dll pattern.(Citation: ESET Turla PowerShell May 2019)"
GROUP-032,group,Discovery,T1615,Group Policy Discovery,no,group_level_context,high,not assessed for this sample,https://attack.mitre.org/groups/G0010/,,https://attack.mitre.org/techniques/T1615/,Official MITRE G0010 context. [Turla](https://attack.mitre.org/groups/G0010) surveys a system upon check-in to discover Group Policy details using the gpresult command.(Citation: ESET ComRAT May 2020)
GROUP-033,group,Stealth,T1564.012,File/Path Exclusions,yes,group_level_context,high,not assessed for this sample,https://attack.mitre.org/groups/G0010/,,https://attack.mitre.org/techniques/T1564/012/,Official MITRE G0010 context. [Turla](https://attack.mitre.org/groups/G0010) has placed [LunarWeb](https://attack.mitre.org/software/S1141) install files into directories that are excluded from scanning.(Citation: ESET Turla Lunar toolset May 2024)
GROUP-034,group,Command and Control,T1105,Ingress Tool Transfer,no,group_level_context,high,not assessed for this sample,https://attack.mitre.org/groups/G0010/,,https://attack.mitre.org/techniques/T1105/,Official MITRE G0010 context. [Turla](https://attack.mitre.org/groups/G0010) has used shellcode to download Meterpreter after compromising a victim.(Citation: ESET Turla Mosquito May 2018)
GROUP-035,group,Lateral Movement,T1570,Lateral Tool Transfer,no,group_level_context,high,not assessed for this sample,https://attack.mitre.org/groups/G0010/,,https://attack.mitre.org/techniques/T1570/,Official MITRE G0010 context. [Turla](https://attack.mitre.org/groups/G0010) RPC backdoors can be used to transfer files to/from victim machines on the local network.(Citation: ESET Turla PowerShell May 2019)(Citation: Symantec Waterbug Jun 2019)
GROUP-036,group,Stealth,T1036.005,Match Legitimate Resource Name or Location,yes,group_level_context,high,not assessed for this sample,https://attack.mitre.org/groups/G0010/,,https://attack.mitre.org/techniques/T1036/005/,Official MITRE G0010 context. [Turla](https://attack.mitre.org/groups/G0010) has named components of [LunarWeb](https://attack.mitre.org/software/S1141) to mimic Zabbix agent logs.(Citation: ESET Turla Lunar toolset May 2024)
GROUP-037,group,Defense Impairment | Persistence,T1112,Modify Registry,no,group_level_context,high,not assessed for this sample,https://attack.mitre.org/groups/G0010/,,https://attack.mitre.org/techniques/T1112/,Official MITRE G0010 context. [Turla](https://attack.mitre.org/groups/G0010) has modified Registry values to store payloads.(Citation: ESET Turla PowerShell May 2019)(Citation: Symantec Waterbug Jun 2019)
GROUP-038,group,Execution,T1106,Native API,no,group_level_context,high,not assessed for this sample,https://attack.mitre.org/groups/G0010/,,https://attack.mitre.org/techniques/T1106/,Official MITRE G0010 context. [Turla](https://attack.mitre.org/groups/G0010) and its RPC backdoors have used APIs calls for various tasks related to subverting AMSI and accessing then executing commands through RPC and/or named pipes.(Citation: ESET Turla PowerShell May 2019)
GROUP-039,group,Stealth,T1027.005,Indicator Removal from Tools,yes,group_level_context,high,not assessed for this sample,https://attack.mitre.org/groups/G0010/,,https://attack.mitre.org/techniques/T1027/005/,"Official MITRE G0010 context. Based on comparison of [Gazer](https://attack.mitre.org/software/S0168) versions, [Turla](https://attack.mitre.org/groups/G0010) made an effort to obfuscate strings in the malware that could be used as IoCs, including the mutex name and named pipe.(Citation: ESET Gazer Aug 2017)"
GROUP-040,group,Stealth,T1027.010,Command Obfuscation,yes,group_level_context,high,not assessed for this sample,https://attack.mitre.org/groups/G0010/,,https://attack.mitre.org/techniques/T1027/010/,"Official MITRE G0010 context. [Turla](https://attack.mitre.org/groups/G0010) has used encryption (including salted 3DES via [PowerSploit](https://attack.mitre.org/software/S0194)'s Out-EncryptedScript.ps1), random variable names, and base64 encoding to obfuscate PowerShell commands and payloads.(Citation: ESET Turla PowerShell May 2019)"
GROUP-041,group,Stealth,T1027.011,Fileless Storage,yes,group_level_context,high,not assessed for this sample,https://attack.mitre.org/groups/G0010/,,https://attack.mitre.org/techniques/T1027/011/,Official MITRE G0010 context. [Turla](https://attack.mitre.org/groups/G0010) has used the Registry to store encrypted and encoded payloads.(Citation: ESET Turla PowerShell May 2019)(Citation: Symantec Waterbug Jun 2019)
GROUP-042,group,Resource Development,T1588.001,Malware,yes,group_level_context,high,not assessed for this sample,https://attack.mitre.org/groups/G0010/,,https://attack.mitre.org/techniques/T1588/001/,"Official MITRE G0010 context. [Turla](https://attack.mitre.org/groups/G0010) has used malware obtained after compromising other threat actors, such as [OilRig](https://attack.mitre.org/groups/G0049).(Citation: NSA NCSC Turla OilRig)(Citation: Recorded Future Turla Infra 2020)"
GROUP-043,group,Resource Development,T1588.002,Tool,yes,group_level_context,high,not assessed for this sample,https://attack.mitre.org/groups/G0010/,,https://attack.mitre.org/techniques/T1588/002/,Official MITRE G0010 context. [Turla](https://attack.mitre.org/groups/G0010) has obtained and customized publicly-available tools like [Mimikatz](https://attack.mitre.org/software/S0002).(Citation: Symantec Waterbug Jun 2019)
GROUP-044,group,Discovery,T1201,Password Policy Discovery,no,group_level_context,high,not assessed for this sample,https://attack.mitre.org/groups/G0010/,,https://attack.mitre.org/techniques/T1201/,Official MITRE G0010 context. [Turla](https://attack.mitre.org/groups/G0010) has used net accounts and net accounts /domain to acquire password policy information.(Citation: ESET ComRAT May 2020)
GROUP-045,group,Discovery,T1120,Peripheral Device Discovery,no,group_level_context,high,not assessed for this sample,https://attack.mitre.org/groups/G0010/,,https://attack.mitre.org/techniques/T1120/,Official MITRE G0010 context. [Turla](https://attack.mitre.org/groups/G0010) has used fsutil fsinfo drives to list connected drives.(Citation: ESET ComRAT May 2020)
GROUP-046,group,Discovery,T1069.001,Local Groups,yes,group_level_context,high,not assessed for this sample,https://attack.mitre.org/groups/G0010/,,https://attack.mitre.org/techniques/T1069/001/,"Official MITRE G0010 context. [Turla](https://attack.mitre.org/groups/G0010) has used net localgroup and net localgroup Administrators to enumerate group information, including members of the local administrators group.(Citation: ESET ComRAT May 2020)"
GROUP-047,group,Discovery,T1069.002,Domain Groups,yes,group_level_context,high,not assessed for this sample,https://attack.mitre.org/groups/G0010/,,https://attack.mitre.org/techniques/T1069/002/,"Official MITRE G0010 context. [Turla](https://attack.mitre.org/groups/G0010) has used net group ""Domain Admins"" /domain to identify domain administrators.(Citation: ESET ComRAT May 2020)"
GROUP-048,group,Initial Access,T1566.002,Spearphishing Link,yes,group_level_context,high,not assessed for this sample,https://attack.mitre.org/groups/G0010/,,https://attack.mitre.org/techniques/T1566/002/,Official MITRE G0010 context. [Turla](https://attack.mitre.org/groups/G0010) attempted to trick targets into clicking on a link featuring a seemingly legitimate domain from Adobe.com to download their malware and gain initial access.(Citation: ESET Turla Mosquito Jan 2018)
GROUP-049,group,Discovery,T1057,Process Discovery,no,group_level_context,high,not assessed for this sample,https://attack.mitre.org/groups/G0010/,,https://attack.mitre.org/techniques/T1057/,Official MITRE G0010 context. [Turla](https://attack.mitre.org/groups/G0010) surveys a system upon check-in to discover running processes using the tasklist /v command.(Citation: Kaspersky Turla) [Turla](https://attack.mitre.org/groups/G0010) RPC backdoors have also enumerated processes associated with specific open ports or named pipes.(Citation: ESET Turla PowerShell May 2019)
GROUP-050,group,Stealth | Privilege Escalation,T1055,Process Injection,no,group_level_context,high,not assessed for this sample,https://attack.mitre.org/groups/G0010/,,https://attack.mitre.org/techniques/T1055/,Official MITRE G0010 context. [Turla](https://attack.mitre.org/groups/G0010) has also used [PowerSploit](https://attack.mitre.org/software/S0194)'s Invoke-ReflectivePEInjection.ps1 to reflectively load a PowerShell payload into a random process on the victim system.(Citation: ESET Turla PowerShell May 2019)
GROUP-051,group,Stealth | Privilege Escalation,T1055.001,Dynamic-link Library Injection,yes,group_level_context,high,not assessed for this sample,https://attack.mitre.org/groups/G0010/,,https://attack.mitre.org/techniques/T1055/001/,Official MITRE G0010 context. [Turla](https://attack.mitre.org/groups/G0010) has used Metasploit to perform reflective DLL injection in order to escalate privileges.(Citation: ESET Turla Mosquito May 2018)(Citation: Github Rapid7 Meterpreter Elevate)
GROUP-052,group,Command and Control,T1090,Proxy,no,group_level_context,high,not assessed for this sample,https://attack.mitre.org/groups/G0010/,,https://attack.mitre.org/techniques/T1090/,Official MITRE G0010 context. [Turla](https://attack.mitre.org/groups/G0010) RPC backdoors have included local UPnP RPC proxies.(Citation: ESET Turla PowerShell May 2019)
GROUP-053,group,Command and Control,T1090.001,Internal Proxy,yes,group_level_context,high,not assessed for this sample,https://attack.mitre.org/groups/G0010/,,https://attack.mitre.org/techniques/T1090/001/,Official MITRE G0010 context. [Turla](https://attack.mitre.org/groups/G0010) has compromised internal network systems to act as a proxy to forward traffic to C2.(Citation: Talos TinyTurla September 2021)
GROUP-054,group,Discovery,T1012,Query Registry,no,group_level_context,high,not assessed for this sample,https://attack.mitre.org/groups/G0010/,,https://attack.mitre.org/techniques/T1012/,Official MITRE G0010 context. [Turla](https://attack.mitre.org/groups/G0010) surveys a system upon check-in to discover information in the Windows Registry with the reg query command.(Citation: Kaspersky Turla) [Turla](https://attack.mitre.org/groups/G0010) has also retrieved PowerShell payloads hidden in Registry keys as well as checking keys associated with null session named pipes .(Citation: ESET Turla PowerShell May 2019)
GROUP-055,group,Lateral Movement,T1021.002,SMB/Windows Admin Shares,yes,group_level_context,high,not assessed for this sample,https://attack.mitre.org/groups/G0010/,,https://attack.mitre.org/techniques/T1021/002/,Official MITRE G0010 context. [Turla](https://attack.mitre.org/groups/G0010) used net use commands to connect to lateral systems within a network.(Citation: Kaspersky Turla)
GROUP-056,group,Discovery,T1018,Remote System Discovery,no,group_level_context,high,not assessed for this sample,https://attack.mitre.org/groups/G0010/,,https://attack.mitre.org/techniques/T1018/,"Official MITRE G0010 context. [Turla](https://attack.mitre.org/groups/G0010) surveys a system upon check-in to discover remote systems on a local network using the net view and net view /DOMAIN commands. [Turla](https://attack.mitre.org/groups/G0010) has also used net group ""Domain Computers"" /domain, net group ""Domain Controllers"" /domain, and net group ""Exchange Servers"" /domain to enumerate domain computers, including the organization's DC and Exchange Server.(Citation: Kaspersky Turla)(Citation: ESET ComRAT May 2020)"
GROUP-057,group,Discovery,T1518.001,Security Software Discovery,yes,group_level_context,high,not assessed for this sample,https://attack.mitre.org/groups/G0010/,,https://attack.mitre.org/techniques/T1518/001/,"Official MITRE G0010 context. [Turla](https://attack.mitre.org/groups/G0010) has obtained information on security software, including security logging information that may indicate whether their malware has been detected.(Citation: ESET ComRAT May 2020)"
GROUP-058,group,Defense Impairment,T1553.006,Code Signing Policy Modification,yes,group_level_context,high,not assessed for this sample,https://attack.mitre.org/groups/G0010/,,https://attack.mitre.org/techniques/T1553/006/,Official MITRE G0010 context. [Turla](https://attack.mitre.org/groups/G0010) has modified variables in kernel memory to turn off Driver Signature Enforcement after exploiting vulnerabilities that obtained kernel mode privileges.(Citation: Unit42 AcidBox June 2020)(Citation: GitHub Turla Driver Loader)
GROUP-059,group,Discovery,T1082,System Information Discovery,no,group_level_context,high,not assessed for this sample,https://attack.mitre.org/groups/G0010/,,https://attack.mitre.org/techniques/T1082/,Official MITRE G0010 context. [Turla](https://attack.mitre.org/groups/G0010) surveys a system upon check-in to discover operating system configuration details using the systeminfo and set commands.(Citation: Kaspersky Turla)(Citation: ESET ComRAT May 2020)
GROUP-060,group,Discovery,T1016,System Network Configuration Discovery,no,group_level_context,high,not assessed for this sample,https://attack.mitre.org/groups/G0010/,,https://attack.mitre.org/techniques/T1016/,"Official MITRE G0010 context. [Turla](https://attack.mitre.org/groups/G0010) surveys a system upon check-in to discover network configuration details using the arp -a, nbtstat -n, net config, ipconfig /all, and route commands, as well as [NBTscan](https://attack.mitre.org/software/S0590).(Citation: Kaspersky Turla)(Citation: Symantec Waterbug Jun 2019)(Citation: ESET ComRAT May 2020) [Turla](https://attack.mitre.org/groups/G0010) RPC backdoors have also retrieved registered RPC interface information from process memory.(Citation: ESET Turla PowerShell May 2019)"
GROUP-061,group,Discovery,T1016.001,Internet Connection Discovery,yes,group_level_context,high,not assessed for this sample,https://attack.mitre.org/groups/G0010/,,https://attack.mitre.org/techniques/T1016/001/,Official MITRE G0010 context. [Turla](https://attack.mitre.org/groups/G0010) has used tracert to check internet connectivity.(Citation: ESET ComRAT May 2020)
GROUP-062,group,Discovery,T1049,System Network Connections Discovery,no,group_level_context,high,not assessed for this sample,https://attack.mitre.org/groups/G0010/,,https://attack.mitre.org/techniques/T1049/,"Official MITRE G0010 context. [Turla](https://attack.mitre.org/groups/G0010) surveys a system upon check-in to discover active local network connections using the netstat -an, net use, net file, and net session commands.(Citation: Kaspersky Turla)(Citation: ESET ComRAT May 2020) [Turla](https://attack.mitre.org/groups/G0010) RPC backdoors have also enumerated the IPv4 TCP connection table via the GetTcpTable2 API call.(Citation: ESET Turla PowerShell May 2019)"
GROUP-063,group,Discovery,T1007,System Service Discovery,no,group_level_context,high,not assessed for this sample,https://attack.mitre.org/groups/G0010/,,https://attack.mitre.org/techniques/T1007/,Official MITRE G0010 context. [Turla](https://attack.mitre.org/groups/G0010) surveys a system upon check-in to discover running services and associated processes using the tasklist /svc command.(Citation: Kaspersky Turla)
GROUP-064,group,Discovery,T1124,System Time Discovery,no,group_level_context,high,not assessed for this sample,https://attack.mitre.org/groups/G0010/,,https://attack.mitre.org/techniques/T1124/,Official MITRE G0010 context. [Turla](https://attack.mitre.org/groups/G0010) surveys a system upon check-in to discover the system time by using the net time command.(Citation: Kaspersky Turla)
GROUP-065,group,Execution,T1204.001,Malicious Link,yes,group_level_context,high,not assessed for this sample,https://attack.mitre.org/groups/G0010/,,https://attack.mitre.org/techniques/T1204/001/,Official MITRE G0010 context. [Turla](https://attack.mitre.org/groups/G0010) has used spearphishing via a link to get users to download and run their malware.(Citation: ESET Turla Mosquito Jan 2018)
GROUP-066,group,Stealth | Persistence | Privilege Escalation | Initial Access,T1078.003,Local Accounts,yes,group_level_context,high,not assessed for this sample,https://attack.mitre.org/groups/G0010/,,https://attack.mitre.org/techniques/T1078/003/,Official MITRE G0010 context. [Turla](https://attack.mitre.org/groups/G0010) has abused local accounts that have the same password across the victim’s network.(Citation: ESET Crutch December 2020)
GROUP-067,group,Command and Control,T1102,Web Service,no,group_level_context,high,not assessed for this sample,https://attack.mitre.org/groups/G0010/,,https://attack.mitre.org/techniques/T1102/,"Official MITRE G0010 context. [Turla](https://attack.mitre.org/groups/G0010) has used legitimate web services including Pastebin, Dropbox, and GitHub for C2 communications.(Citation: Accenture HyperStack October 2020)(Citation: ESET Crutch December 2020)"
GROUP-068,group,Command and Control,T1102.002,Bidirectional Communication,yes,group_level_context,high,not assessed for this sample,https://attack.mitre.org/groups/G0010/,,https://attack.mitre.org/techniques/T1102/002/,Official MITRE G0010 context. A [Turla](https://attack.mitre.org/groups/G0010) JavaScript backdoor has used Google Apps Script as its C2 server.(Citation: ESET Turla Mosquito Jan 2018)(Citation: ESET Turla Mosquito May 2018)
